drug_id,drug,drug_key_sha256,condition_count,edge_count,train_condition_count,val_condition_count,test_condition_count,train_edge_count,val_edge_count,test_edge_count
0,(R)-Verapamil (hydrochloride),c85f5c64d81c93139c4a539d7e5ce27a4b6494889aa923567d66420883552a29,179,45,144,7,28,36,2,7
1,(S)-Crizotinib,a6813fd3c1e3099ebfd5c9ee26dc42c8e939a5875f4f021e8cb71c6602c46ae9,135,45,102,12,21,34,4,7
2,18β-Glycyrrhetinic acid,b29d99c231994a95c4101f5f9be7c0c2ab1092a8a9b4233ceb907508483e3c74,176,45,120,32,24,31,8,6
3,4EGI-1,975bf65d8d4bdd15d4ace9881bff5727d6130f9c4b86a97a81b08c0d9dfd021c,130,47,98,14,18,35,5,7
4,5-Azacytidine,07f9c72051f23033219704036ff8bee64241b3752c0b6dd88c9707685a809bd0,134,45,116,12,6,39,4,2
5,5-Fluorouracil,a050eba5d1b8d74dd77cfc6c10d0fe3e19a7e46df8216dd3ff1553ce5941082b,134,45,110,18,6,37,6,2
6,8-Hydroxyquinoline,0a0dbe384da953c129a274813da01c0dd362852101e12a2791bd61569f2c420e,180,46,163,4,13,41,1,4
7,9-ING-41,9630c4508422b1be0fc2e25861aab1762fcc8e8e154c6bd99be27f7c08a19957,133,46,121,6,6,42,2,2
8,APTO-253,6fac85037a700b81d059b256c3bab7dd98261e7898f5aff9faf0771e6478518b,136,47,112,9,15,39,3,5
9,AT7519,e021858e0721e537a62a6be59c948e0a9551c12aba594acef4ba26902218c707,132,47,102,10,20,36,4,7
10,AZD-7648,e48c67f995891628b342e144f7e44a58b816c0f7392929bb1a048644af568fb2,126,45,103,12,11,37,4,4
11,AZD-8055,3ffc1f6b8fc5553c0481d00e9f4223c85045180f0ce6d4a271b0d415401830a7,136,47,102,24,10,35,8,4
12,AZD1390,4418d76a69aa2d2c786b5445ebdaa0c9f4fdba09b9135970ff1a48f8b214e8d0,130,45,119,8,3,41,3,1
13,AZD2858,4e74c12efe431f81e2bb352b0396cc56534c0ae111874191881052cbe7c3d8bf,81,45,67,5,9,37,2,6
14,Abemaciclib,0e65003a372b7622ab5f83f1bca149c8f761e814e84b4367794b52c2a4e9e08d,134,45,107,18,9,36,6,3
15,Abiraterone acetate,f5f0d2dacc5f8f46abf05f7dac32d174d0e5cf62b0185dd5add6cde74d05209f,135,45,108,6,21,36,2,7
16,Acetazolamide,84d6a21ca4c3b25e353fe3553d6d03fd30c1fa7790f26183d252caa538fc37c1,134,45,107,15,12,36,5,4
17,Acetohexamide,b1b5be6be5798081dd9b420688873f8211bc162ab007ab5b1065ce723de624dc,178,45,134,32,12,34,8,3
18,Adagrasib,a6c7f9f846344f7c1ef11ac4f4d458c777f6116cd313c3477be6f8c4088c60ca,710,47,599,66,45,38,5,4
19,Adenine,29ccfbcd67716aca2a86d6f5839338f174963c9b2129706676a620fbfb9ea3b8,180,46,155,9,16,39,3,4
20,Adenosine,8ff12db8afbeafb4faec0de1afedc8600958c15cc546e4a2ba10475bd509adc5,179,45,147,28,4,37,7,1
21,Afatinib,c563fdc3b7caad871276f7a5404ed9037bf0c6996e4c65fd52fd32adc457d3b5,401,47,311,45,45,37,5,5
22,Aliskiren,05b5b4fc5efd960469fd035c0b93f27677abea124dba92142e73ce66476ea524,182,47,154,28,0,40,7,0
23,Allantoin,c08f516a150611542d66929218b4c2a307628963ab9ec6d80f09303b98f27559,178,45,128,28,22,32,7,6
24,Allopurinol,1e0127569c78b752117ac8cfb37607ffa7ac945e24dd33104ba659063823e507,136,46,127,6,3,43,2,1
25,Almonertinib (hydrochloride),c7e95380e7a1229c3c8a660d6353965c22eeac460e7c672e5a6afd25135d649a,176,44,152,16,8,38,4,2
26,Almonertinib (mesylate),9b65677f89b07c0416d4d395518cb866461eb8fcdff28fff7d6bf994af7efcbe,266,46,217,24,25,37,4,5
27,Alpelisib,3d938e027c628967c17f7ae091e37c0f876bd4e7d25a84127dd2da6cf0d276cb,129,47,103,14,12,38,5,4
28,Altretamine,24588228639739b646f81bcb40779834fc2263f4cf373de64497d8a23123ab7f,134,45,110,12,12,37,4,4
29,Amsacrine,4fa7531a8eb262ce70592cc72353128842093b4ac7cd07c59b6e74f293f58a74,177,45,152,13,12,38,4,3
30,Anastrozole,1e9c4172fc987605fd1564f1fa44ca077d069ebb166c0aa859424250b2631dce,137,47,116,12,9,40,4,3
31,Anethole trithione,eacd96fa5a12966e9a502101f91ff4de4c2ede091b24f71e95649c730a50f617,181,46,149,28,4,38,7,1
32,Apalutamide,b6ae9a2174993dd933eaf5a79b806ee0ef1d70c1072bf48e9543c755bd3f8363,133,45,112,12,9,38,4,3
33,Aprepitant,51e33282153098f2d504e0390af7f18fe129db27f3cd8e043ef61a7d38d1793c,134,45,95,21,18,32,7,6
34,Arbutin,e0683321a3c827bcfcdff22f412ebfc4a36db77cf425dc7c1ff13517bc5c4bbd,132,45,112,6,14,38,2,5
35,Artemether,ba5f05acec0eb54ed8897f0ee7c59dadf6323ab7c2609dcc0dc20afc5301d259,134,45,107,9,18,36,3,6
36,Artesunate,9087731a60140ddaa25eefde4af1e278cbfdc46d74d61494bb6894f925909783,181,46,145,16,20,37,4,5
37,Asciminib,c237eb55471f40b987e57aa9e4a7fcba16bb2e765923ff7f5cc4d3a3529f2b3f,135,45,105,12,18,35,4,6
38,Aspirin,1631ece2b2c6bde87cd40fd882b5a72d6e2d23551a544a9f2e66dbd12025ece2,134,45,122,6,6,41,2,2
39,Ataluren,b33687f5fb063957e147a8515a9c2b9cf8fba45df1d3e9a9eb0cca0e75f5eb3e,135,46,111,18,6,38,6,2
40,Atazanavir (sulfate),5a73d53b474798ceed0c7b05ef9e50c34f36df644c41f8fd1636d8861e7b9fd1,134,45,104,9,21,35,3,7
41,Auranofin,67902dba509011e9ffefc3a260c42db3e1bb07d570bd3091ba7032e174e94588,134,45,104,15,15,35,5,5
42,Azithromycin (hydrate),ee78fbf33b473478eeb9ff5642671320c774431c8f27e7237e8cf3962282cc48,177,45,153,12,12,39,3,3
43,BAY1125976,8b9bd6b46ddf7381cac3f16d7eca370faef0435cfd4d769064822d17687edd88,133,45,109,18,6,37,6,2
44,BI-3406,d92a3295df63bb009243a26d340e4016b03c826386d9bc51f7f957f4f17dc924,136,47,115,6,15,40,2,5
45,BI-78D3,e60e431302d13315f92744fca11ad43dc26666d604f97da9fdbc28c088674cfb,133,45,90,15,28,30,5,10
46,Baicalin,410eebf5808a6ea7d7dfccb4654ad35135a00cb7ca5993661e270f89df373c57,182,47,150,16,16,39,4,4
47,Balsalazide (sodium hydrate),b5d0103da08333b7651cf6fd4da451decedf0b0c44d5add6a6c7c6f49f5b955f,180,45,168,8,4,42,2,1
48,Belinostat,8ebeb5e641a910ee49c9ef7c4ed0cee0bc657b96a6de9c6b3fe212ee007b8a3a,131,45,107,6,18,37,2,6
49,Belumosudil,411faed28f606f19d879a1155e9903d8a8ad9363e1c8a653630d814106504c1e,268,45,198,12,58,33,2,10
50,Belumosudil (mesylate),dbb5fec16e9f13cd866948c04232c0f46e8dc70020bbe8259679286bca7afc3a,131,46,109,13,9,38,5,3
51,Belzutifan,c89aacdfc696f1870592466619bbd725a65fc0f5c9ba8121d4a6726fcd4c9719,82,45,58,10,14,31,6,8
52,Bendamustine,58e536b2a714bf4f62b03fe344f84304539d4cf5bb4426708d0719fd9f10cee1,130,45,96,19,15,33,7,5
53,Benproperine (phosphate),2897a862290339d7ffb567b9f0bbdcf4ac42d8a6735c4aeb202f75ed3cc89a6d,134,45,101,9,24,34,3,8
54,Bentamapimod,3c52d67b3aba5cecbcff39175f299d58366291f47997955ee5299dfe7f4c0734,133,46,100,24,9,35,8,3
55,Benztropine (mesylate),f6fa18065ddb11b20749695a66b391ce29a0909c2fad6e5bf339161b17bb2ee3,135,45,123,6,6,41,2,2
56,Berbamine,b205948d6a6d7f12474df455a43e8132c9aab3b0e0860f2aeeea235e6daec5f8,223,45,178,20,25,36,4,5
57,Berbamine (dihydrochloride),06fe02312bb3d2d7a105824d8aa59e3c58edc6bdb6f6dfe18d381dcd668d294d,266,46,229,18,19,39,3,4
58,Berberine (chloride hydrate),ca55818dd8dc279248c197252fc587ed6f298e303e7e36395f4845733b197992,180,47,153,7,20,39,3,5
59,Bergenin,7b8c8c5aebe5100e8795fa712b0f7b6e0289b2062fb45cccb089bc74c57404b3,179,45,132,24,23,33,6,6
60,Bestatin,12144949a07c5c8552a65a49fd12757f5bdc2fc445ca211e355bd6ed7292b8a4,134,45,117,9,8,39,3,3
61,Bestatin (hydrochloride),c10a405276d8bbf46cd9ad25ac3f775a044b96514f3242a0aefbbebe0c022ab7,135,45,123,6,6,41,2,2
62,Betamethasone dipropionate,5250ba787faef79a9a0ed7c014232f43037eb2ba78f5076bd02b773104fe8c34,132,45,103,14,15,35,5,5
63,Bexarotene,a35a8e1755059656964e133c1d8ca96bacf178a829121e1b3af1c4a6e9b26e8b,134,45,116,6,12,39,2,4
64,Bicalutamide,88c1ebbe2a1743dfe189413342384c188c91ce3813a9f2561875c70169eddcd6,135,46,123,3,9,42,1,3
65,Bimatoprost,66e7434d2c6ffea7863b004782c5633f4e266e1e5844e1b5853355177a617ada,179,45,151,12,16,38,3,4
66,Bimiralisib,2fd19ce9f8d8d008f3b13065c342b8edf4af6c964e8d1a255779ae853563ba37,131,44,92,18,21,31,6,7
67,Binimetinib,2040c85514443f2b86b7463871a51a869c751446802e9ae980bc6224cb3860a7,258,46,181,28,49,32,5,9
68,Bisoprolol (hemifumarate),a70b479b3de1dab0cebfa26695faafe54e8f2e0c3b7c80af57c6dd26c981f3c9,130,44,94,15,21,32,5,7
69,Bortezomib,6e3d50867b4063410df182014b7245f1f06e4c47b32c5f76fb9546323f703d55,107,45,93,9,5,39,4,2
70,Bosentan (hydrate),50f8e954b795f46bd1c99688e6345aada25b8eb274d372c3964ea0bbf6ffd55b,129,45,102,9,18,36,3,6
71,Brimonidine,5e853f1936186a6dc263a1a73810f8e245280051cd07250a7488724467189420,135,46,120,3,12,41,1,4
72,Brivudine,009233e971bbfd143f6f89383fb11b7de3b5452d0e6ff69031132e85954fcd92,133,45,110,11,12,37,4,4
73,Budesonide,7ef36697980280045d0e48fc53243beb09780e7cbd6a8b822314ff8fa0fff458,135,45,117,9,9,39,3,3
74,Busulfan,6d36dabbe83a31949140def5b65dd38f464344e45cca61dedf34014b2e908964,177,45,148,15,14,37,4,4
75,CP21R7,0c5fe8932f312c2b39d6f1e57107ce3f6f5f01d408a5c6ffc45c01e0bd05754e,130,45,100,27,3,35,9,1
76,Cabozantinib (S-malate),60f9b8ebcc9216532ab3fd72eb672afbfaf61f4931c208ada6220a005a14591b,135,46,107,13,15,36,5,5
77,Canagliflozin,74c3007315751dc884ba9b50396cebd5e0363654040467f15dd73fc4eb0bfe05,129,45,104,19,6,36,7,2
78,Canagliflozin (hemihydrate),c29a557a01e3a83c4c57da9ed7dfd5c14149349376d463ed97024d222009087c,132,46,114,12,6,40,4,2
79,Capivasertib,3bf39d39141bef09c90c02677d0d1f6095c450e2e2b2317ecef576287d3125c7,128,46,93,12,23,34,4,8
80,Capmatinib,29f04ac6a9cd836ebd925be849ec35e39e1764013a2f6f91b283d569374a5992,124,46,97,11,16,35,5,6
81,Captopril,e2e87c4d1759c7fbc33b5f52962a3a76abc91291de686bba92c4bf162999760a,178,45,152,18,8,38,5,2
82,Carbamazepine,9fe2b13ea26c4babf482a3111bc5981488a2b2a78282b126c3bfec4498e4ef55,134,45,101,18,15,34,6,5
83,Carbidopa (monohydrate),aa7d1b6efb439b067a6f625e8e61d3465628ca879290cb9caee0c82bae777939,135,45,105,9,21,35,3,7
84,Celecoxib,a2ad10467fe12364be3805524717544e01013564f76de1a1a2d263c692d5ca3b,131,45,104,3,24,36,1,8
85,Cepharanthine,04796c9f5b8e38c9a3cbbc5fc6ae5aab070b65db1345032b8d6125bfe285fe97,172,45,149,8,15,39,2,4
86,Chlorhexidine (diacetate),f3f46da013f51f1dd063a603e21288ec62d5c6c70d730c1e34c212b4ed32df80,226,46,160,25,41,32,5,9
87,Ciclopirox,ecad14a17975bd996541bfff0c8553bd5bd805f4414107bc32d2a0b415f51544,177,45,145,16,16,37,4,4
88,Cilostazol,667a486afec0f08d43fed9f11fa1a028f1c46c8cb225a4494c077c9f5b71edf5,134,45,104,21,9,35,7,3
89,Cinacalcet,a44c214571e4956e2f262c6866db2fb4a3f937b571b3837b7f9966aa4f25403d,134,46,119,6,9,41,2,3
90,Citalopram (hydrobromide),d786ce9bfb9c6b37c00593a26052f08df72b332bd9853950efccc715e2932ac4,134,45,95,18,21,32,6,7
91,Clobetasol propionate,8e0fbbd3a1a5a499a75ac07f4e472252f76ad9119057a58602abde17e9e083f8,133,45,115,6,12,39,2,4
92,Clofarabine,0f6248c6f0418285ae22a996f7430096c346d413f2b1bab74463ac241e012adc,134,45,101,18,15,34,6,5
93,Clonidine (hydrochloride),6c2b50ad308cd96fe9d275120398c4d982629d956e289a8d92e54f3e1844e32e,183,47,143,16,24,37,4,6
94,Clopidogrel,3c0f68c9aed34879d795d054aff3fd3e9cb63ca6af135f56e4ab5aa542aa01a4,135,46,101,10,24,34,4,8
95,Clotrimazole,bdd992327483a673eb3ffce675748efd81f2caac85e3acd259673ea45dacf9bd,177,45,141,12,24,36,3,6
96,Cloxacillin (sodium),c120ed6b6e95647829db1df9765db16477ef66812c5593821608d3622a7df11e,181,46,141,16,24,36,4,6
97,Cobimetinib,6fdad06cd13c7d843b5fba5bda08b4e61d0aae0e9eab41d2b70e53a8ee99dfbf,128,44,92,21,15,32,7,5
98,Crizotinib (hydrochloride),5a885a9fbf84244520f1078e2098e8c8403b4987683c6bda7d63e24aa8965c00,135,46,105,21,9,36,7,3
99,Cyclosporin A,490809d5a62494ffef73db4b069e6368ddc871a607172441a5e8ed54847c5e02,134,45,101,15,18,34,5,6
100,Cysteamine (hydrochloride),84763526aaae6fe302d175e533ef778310211a7c603b595d801cc28d2bf29872,179,45,144,19,16,36,5,4
101,Cytarabine,24c7b3e4431fef8bc4dc5076c4af4d089fed95f7da02d8968e56671a1ff10e2a,270,46,222,24,24,38,4,4
102,Cytarabine (hydrochloride),0f6460b79fe92246fedf66321f54fbaaaee114e1901f0a1adcea383b7fc7c9f7,134,45,107,18,9,36,6,3
103,DT-061,8a451c93b60eed64db43b0583fca0c72278b84f969ce4975c3e8770295ab860e,127,47,104,7,16,38,3,6
104,DTP3,18d21ecd13df6218d3c642cb6b6b5e8242b6785fd622ea14a0811eb3398f9c95,129,47,107,9,13,39,3,5
105,Dabrafenib,51dc6823f374667b547d633571a1b8ce34cbf2e5ee140ca2b37640ce0782023e,135,46,108,18,9,37,6,3
106,Daidzin,bf5ef8e2dfbc399b246093a5d9d28bdce149d5a937cc91b34047c69d5f0efa2a,267,46,191,34,42,33,6,7
107,Dapagliflozin,3d9256bafb4b421d29fe7ef2115d07110d800b09cd0f4783d4619350b5ce3c5a,136,46,112,15,9,38,5,3
108,"Dapagliflozin ((2S)-1,2-propanediol, hydrate)",8c53ac6058ddf82d32e48c00b91953c2b636445579161a294309128888272774,130,45,94,30,6,33,10,2
109,Daptomycin,1e16e1de533678d30e6c4dcee0fdeae2f5243d33bf76d3431b569603d6fd1342,134,45,98,21,15,33,7,5
110,Darinaparsin,cedd5e6cdd9ffe063916cbaaceefbcafa632791aa7de8f1774aa624277ac4740,176,45,116,44,16,30,11,4
111,Darolutamide,40509f31537eafb8eb1ef9a20130f622396ee775ce61df6818052b98bb0685bf,134,45,101,9,24,34,3,8
112,Decitabine,0c922c36ce583213dd77730f5418604722170725f43e01444f5fda4ec6444310,129,44,115,9,5,39,3,2
113,Delamanid,2e760b2fa6f159c44e8c46376fc5db29fb2ebb410b0a6a2d34054521e594a845,135,46,120,3,12,41,1,4
114,Demeclocycline,072ae8b157199d2001f1a97413c0942063957ea95f535e5405b434ec28a908f5,179,45,147,12,20,37,3,5
115,Dexamethasone,127a65a7d7b4d4a29eb1a4f1aa2ac6f7b3a84db29466d7d0fcf85bff359d5dd5,135,45,108,18,9,36,6,3
116,Dexmedetomidine,ea930a928928c432d04e1b23cd6e16ba5afcaec29b2dce5353d0516258823fd2,135,45,111,9,15,37,3,5
117,Diammonium Glycyrrhizinate,adc368d523fd732169d1307866fedb0b9b137c0d70b2aaf98c4455df0946b5aa,180,46,136,28,16,35,7,4
118,Digitoxin,cb459e9cf7affd88c2cd3bbf0bb368906cf505c1076922ca42fff32a1711d9d0,133,45,110,9,14,37,3,5
119,Dihydroartemisinin,6b3df7e2cc966af6ee614ae836062b6e607d653376b5dc7c9230f724d318ed95,134,45,99,11,24,33,4,8
120,Dimethyl fumarate,82dbb7a824e6100aaf530204911fcc70eb9496ffc2b75bf000475632c52a772c,135,46,114,15,6,39,5,2
121,Dinaciclib,7afa3d50e7e60d654282b6f0ccc8678c4d279723ae28ebba6004814a1bdf9e7a,58,30,48,0,10,23,0,7
122,Diphenhydramine,08ea623cf2a22ad61c288166f20967f54392d1611985df9b289758b4a5a83d26,134,45,101,24,9,34,8,3
123,Docetaxel,987a82a48377fb4ab30c8e115f5ecb6dfae4086541e3030a6d63374981bf6d08,175,46,144,23,8,38,6,2
124,Docetaxel (Trihydrate),b6a04a420ee834dc9b8fbf972828a963ee0880c2ef9221dd4a2570c979b36855,134,45,95,24,15,32,8,5
125,Dorzolamide (hydrochloride),4e187a1690ad34e803159e1daff45bd8c687f2659e7b6f3c8b81c22abbd80409,132,45,109,17,6,37,6,2
126,Doxorubicin (hydrochloride),25e15d77cbab6ba5141efd200df9c65cadf4d8cdd797f9c5388bf41c4d2c390b,126,45,106,11,9,38,4,3
127,Doxycycline (monohydrate),c6c7717be9e43188d0d0501e6ff92cc6062604e422385da3e1c7732198883146,132,45,112,12,8,38,4,3
128,Drospirenone,d06b81bd89b48a94e289675010b62206fcbbda08f87d36d1dc6271aebab5788e,135,46,117,6,12,40,2,4
129,ERK5-IN-2,13a9b2090c336224adb8903f4afb7d136c5708bc635786bd75ecfe1d2044aedb,132,45,105,12,15,36,4,5
130,ETC-206,79199fb65eb21546dd96dac69d1b7d72b5b6cbfbfbd745c1f39d0c6753acce40,135,47,117,3,15,41,1,5
131,EX229,0d40b8ced4b58a56495e62a9b6adbb1c79a2ed13ce8aab5b0f874b5330d17413,128,45,104,6,18,36,2,7
132,Econazole,be2829d448fc8aedb85d14a61be21694cbe35ab15e47128527ee6755eca256fa,135,45,96,21,18,32,7,6
133,Edoxaban (tosylate monohydrate),2271ee8ffa1e1cd27e6b20d49d894e0433f26d8a82a1a566c3684467fc3f3131,135,45,105,12,18,35,4,6
134,Elagolix sodium,6c9dc5003c2d8fd7f061f82a1601708fe4e0739e20a210a45d2555cc5fb685c4,178,45,130,20,28,33,5,7
135,Elimusertib hydrochloride,a1f579c3d18f814e42b76bdb33aab43d0a3f2493f44a0c316a8969fc34c0b4c1,119,45,102,10,7,38,4,3
136,Encorafenib,0b18cc8d56d17f763d124567e1cf57229514c6e429ed078e621659697a03090f,90,46,60,22,8,31,11,4
137,Entecavir (monohydrate),b0568adf8e012feeafd3cc01b17f6a743a99c3988963b0d5b6a4590011cda3fe,135,46,114,12,9,39,4,3
138,Entrectinib,dc07a8af66d3919a5625f24eb943b86bd01bce01667359c6e6d400cc52200cfe,135,45,120,9,6,40,3,2
139,Epirubicin (hydrochloride),5dc48231b00090053ecd79a17ad1cad0678ecd4b4fc45aa7c53f4d220779de7b,122,45,101,9,12,37,3,5
140,Eplerenone,f483122056e92d99edfa4c1e5cdb321be49db028f47b28efe8920464f1bfc247,135,45,108,12,15,36,4,5
141,Erdafitinib,2e979f98828cd6d83445d427917941d33c923d0c049cb489356a1263921787d5,88,44,76,8,4,38,4,2
142,Erlotinib,687bd65be1f0f779454129be5c6b49927b6796506ff1d1d78cc37b68152408b3,134,45,107,3,24,36,1,8
143,Erythromycin,70b2d38cb4ee7550ca08010b777396dab372dd0b2a4e277d035a2876d01e1292,135,45,99,9,27,33,3,9
144,Esmolol (hydrochloride),5bafccb60d9330d1442662a49169181b2e4ed985b35e7270088ddc411b2a5944,135,46,107,24,4,36,8,2
145,Estrone sulfate (potassium),716b4f9925607e9e35387ab459387562e8f81ff9514c4815823685cd1c43cff5,134,45,107,15,12,36,5,4
146,Everolimus,c582ebe3816db266d220fe67cc83cbc7d5b66a2031dd9a68d6b1e5174962b195,137,47,111,20,6,38,7,2
147,Fedratinib (hydrochloride hydrate),eba3c6b595e73ec9d7ce084bad56c9b67065d0b43c45549dd77a258fb0907536,136,46,106,21,9,36,7,3
148,Fenofibrate,09b4ace10de5d18501202a696488ea793fa2ada3715d510f5a04e6c937134aa9,134,45,122,9,3,41,3,1
149,Ferulic acid,0bfb756c0c5cef119e85b047eb3de592f6452c62b5c919730f1f3183d8a39c2f,131,44,96,18,17,32,6,6
150,Filgotinib,11cf993d78d99bb6a08cf43eb677f8bb65baabc6c470367b5b30786a6baa5743,135,46,108,12,15,37,4,5
151,Finasteride,89fd1361c065c2866e18470a3e6fc9aea0cf224653637db807153f12f48d216b,134,45,96,14,24,32,5,8
152,Fingolimod (hydrochloride),0cbc55babb633e90d26f1b981b4c92f6850b40b825743bcc165e870c19c12a6b,135,45,126,6,3,42,2,1
153,Flumatinib (mesylate),51e111252e826d7096fd45bbe338494b51f95248874659ec6b327ad4adb1507e,268,45,214,24,30,36,4,5
154,Flutamide,9457c2877f37387ab010bd85e0fe2cfe104796748cf39dc309597b0c7986acc9,134,45,116,6,12,39,2,4
155,Fluvoxamine,50f00be7dfaeca0d74b17ec32c060605d229a25b3f6c93538899f764abe05b36,133,45,103,6,24,35,2,8
156,Fluvoxamine (maleate),6ab83e65e36c5d10a5b86693e9f26725a6e02488886761a4fd011984120999d2,178,45,154,8,16,39,2,4
157,Folic acid,88aac8736dc6c9bb686686ad64ae3d05bbba8ef161a033ed6e31cacce296d46e,180,46,136,32,12,35,8,3
158,Fostamatinib (disodium hexahydrate),b2f2f44f0fa4728fbd1ad9d32873a433a3dc146a631f36b5fefb11d33a6ceb23,135,45,102,21,12,34,7,4
159,Fulvestrant,0dbc6917c032d41fc520358930f7a9474fb38f96476ce7fd676c948feed3c748,136,46,118,9,9,40,3,3
160,Fumaric acid,f557a8a68c8021d63cf77f1bde87f6fbc91fd27abb040b7f84533568a8effe85,271,46,216,19,36,36,4,6
161,Furosemide,31ea617e5e80665dd64eb92f9619f5713c535b9585bf97bbf2db9d9b392bf815,178,45,154,8,16,39,2,4
162,Fusidic acid,eb8d05be4579c090bf581330162ed396c42a0564b88c6e9f4918e07ae6ea9175,179,45,143,24,12,36,6,3
163,Futibatinib,3ac28d4dbed45eadbe99891630825419b2e68ff28f7c66aef459b11004423530,124,45,99,16,9,36,6,3
164,GSK1059615,eaf039c5c2c194b37c0bf7cddda17c0d623a99f8cd07488051b344cf01e5c5df,129,44,99,15,15,34,5,5
165,Gallic acid,57325f0b0364c7358c3ea0907f152766039986a92ac227e5d0b751a12e64afd3,179,46,126,25,28,32,7,7
166,Gallic acid (hydrate),38396e900a50eb84c990149ca677f8fdcb4c076ad2745f4caf0a2d7b4b7f95b8,179,45,155,4,20,39,1,5
167,Gefitinib,1bcf95024b06a9a6ac572fc5aa006cd4352c0529ac9a36dcaf3c49482133b21e,136,46,108,9,19,36,3,7
168,Gemcitabine,815c9393c02cb97879b668144a6dd277331eeb65c642169139283ae0fd87234e,138,47,117,15,6,40,5,2
169,Gemfibrozil,dd43048f1e394f9b417356ba4334732e087ee395d4912e09f74029396d85d0f2,178,45,126,36,16,32,9,4
170,Glasdegib,93cf3bdf05cd278aed42fd07eea4927e7b5cb1df9e9fa46ce7b0ae52d5a31735,135,45,117,9,9,39,3,3
171,Glycyrrhizic acid,c528b44dcfd0986a71c38ce9f30550e6ee0f9308704b20ddda024084e7a14bb9,127,44,103,21,3,36,7,1
172,Goserelin (acetate),a93dcd7bab85229464bfcf9f44dc168a3bfb5a5fb32d0ce7220c3ad6c5bac69e,181,47,132,16,33,34,4,9
173,HI-TOPK-032,ff53a00072da1567321f5c1de9dc5bf261736fdf2c36d44a43b4da6973f02dde,125,45,102,12,11,37,4,4
174,Harringtonine,66f16001bd30d10e964f9c5d7b243f70e549a5b620d2774ef249cf6f66004225,127,44,103,15,9,36,5,3
175,Hesperidin,e414ccf9fff274362064744cd2642c64d19a5f1eac2bef8d3bab52a9f98d42fb,133,45,97,12,24,33,4,8
176,Hexylresorcinol,cc4fe5cc7010eca9782a4e9eaabfb21adeb5bb4d415969bf8005a11880baffe5,181,46,149,8,24,38,2,6
177,Homoharringtonine,f3ebe86a37058013dc9a4faa75c16f1e850c859d7f16d7fed08a2b1772859f00,155,44,135,12,8,39,3,2
178,Hydroxyfasudil,f1265c4972b9d08608b82c942218e49657ab1ccad73730c2512ef614b48102bf,125,45,87,15,23,32,5,8
179,Hydroxyurea,3a5fc2dbb77976acf296f8068493216844af06255c8528ec6d8f84eb4b4e7215,131,45,107,15,9,37,5,3
180,IQ 1,db64fd3e383f846c2778af56e6526ce56b15958c6983cddd16270ded17289e39,127,46,105,16,6,38,6,2
181,Idarubicin (hydrochloride),b6224fc73bf59f6f2e562e7ee716ef8ff2a3412689181b8d36c898b31cdaad44,166,44,133,9,24,35,3,6
182,Idoxuridine,67e21ce698129bae541ef5a2ca24d09f8ac31be1a075a7fca6eaaf5eb6332d89,134,46,106,12,16,36,4,6
183,Imiquimod (hydrochloride),149ebbab379addee6f35dc931eec4489d32feef84cbbc8501ca2448be142166b,132,45,82,26,24,28,9,8
184,Imiquimod (maleate),9179313cfe344c486ad3494c067f15262545f173356d7ff0122c0582ff6f521d,128,44,98,9,21,34,3,7
185,Indacaterol (maleate),abbc6582a13d0f10f44358841aef887f18d28f1921367335f4f9e78b83733eba,135,45,114,9,12,38,3,4
186,Infigratinib,477ab0cff24ca63de984d630e71a2e0646f9aba57e8332a332998dccd820764d,133,47,115,12,6,41,4,2
187,Ipatasertib,1f83e346ed2fdd3978ac6780f4b612556d971447feabcc486609ee5abb95cd51,125,43,94,23,8,32,8,3
188,Irinotecan,391b55a6014fd6401b702266e6763bd79a90eb4a3e0d986ad1b389a80e9daef4,135,46,87,27,21,30,9,7
189,Irinotecan (hydrochloride),2590198bf2d242ad8304f81d8cb3e3a45a754d4bae7f260268ffc25d2d2de69e,264,45,204,18,42,35,3,7
190,Isocorydine,15946818d6e63ba892d8a7ac16febf6ffaf8f1d32793cfd1bcbc391a972301e2,179,45,155,4,20,39,1,5
191,Ivabradine (hydrochloride),055b064bb92bcd21e36c5309ede7ac33bb83c1a07b19104548bd8f63cdc4d100,134,45,107,12,15,36,4,5
192,Ivermectin,88bdec189f2e854059c1ce7cea405931ffb3428f3f5a22f2af5764dfba2fef08,135,46,117,6,12,40,2,4
193,Ixazomib,78267c52951f3f9b6ad004f423238a44acb3dfb5c6e85127caaca65d1dea8519,128,47,99,12,17,37,4,6
194,Ixazomib citrate,cbf63a613d1a1b4c229cec41c1ffaf20ba72fe17b9e2001fd89688484e368b55,133,45,106,12,15,36,4,5
195,L-Eflornithine (monohydrochloride),7b1db1e7ab592939813bb2be06d9391395778abfe78210cb1429d31e097594e7,134,45,101,21,12,34,7,4
196,L-Thyroxine (sodium salt pentahydrate),75903ff50dbe7745aa3a96124bcf7fbbbe0a9ba358d8a26a38c6bedd9452c201,135,46,95,19,21,32,7,7
197,LB-100,35abf05798df8438ced6a71d0ea8cffe669404d3d8166d33545c17e63695576e,135,46,123,11,1,41,4,1
198,LJI308,abe73c9ad7bee2c48699ea79064bac28c8a2d321a09f8231a594e791d396604f,126,44,98,18,10,34,6,4
199,LY-2584702 (tosylate salt),5d15e659ae96bc6e9e57e844c5967ebada739aaf3cbe288b7c7429917973ef30,106,43,80,18,8,33,7,3
200,LY2090314,1ab8b31a5d55bec28b225e96c4b7795e486715f4db2eac0d5e510d73fe719340,134,45,110,6,18,37,2,6
201,Lactate (calcium),e2c856a0e300b0d83e656535dfef1bf2e1aa62635ec2f008ae8470c954a9d292,135,45,114,12,9,38,4,3
202,Lapatinib ditosylate,c0cd09840c61ffe888ff8ae5d2b0d84301025c699b7b188ecf95449124bfddd6,135,47,104,22,9,36,8,3
203,Larotrectinib,eaaa1f9c90567a15088e607eb60451275613141489670e1386200b8fdd1ba366,175,45,138,14,23,35,4,6
204,Larotrectinib sulfate,dec20f481700dc0fc11a8a130a1f36949f0567153d756bf6e774764284c87e94,135,45,96,15,24,32,5,8
205,Lenalidomide (hemihydrate),d56947ea7b5e57dfe274464323c88e9db23588a0b5408f16928daab75e7924c3,177,45,137,16,24,35,4,6
206,Levobupivacaine (hydrochloride),0afa222a39d9c33a2bae7d7793b45f065ef09f3ec2e611433768f015d4d96e4f,135,45,111,9,15,37,3,5
207,Lidocaine (hydrochloride),25a89ffe5e7b71d6393700ff5aff055fcb9712c0b1959ed00d3bd803f9210cce,164,45,128,15,21,35,4,6
208,Ligustrazine,4d1bbb567b631ee8b9f0eee49c86538c8c968dace5960c67ded57f92c592209a,133,45,109,15,9,37,5,3
209,Lipoic acid,6431a77b175ea5aa5fbaf613df3886a09511f65120da16234a4bf3a214553e6a,180,45,148,16,16,37,4,4
210,Lonafarnib,524aeb9e7973ea700a87112ef18f011b16c49483e63947d8aaeed95d12a18219,103,47,89,5,9,41,2,4
211,Loperamide (hydrochloride),fc3be97ca19a1efe56ef23e154eea50dbaa7c983ccd4d4d69d4630c8132596c9,134,45,104,12,18,35,4,6
212,Lopinavir,942051c8d940676c935cd401592ac333552202bb3d49e962677dc8ac7ca16b49,135,45,105,12,18,35,4,6
213,Lucanthone,3a8dd9bddf3e965e227ad36f37dbfe1bbecc062a71ef63a88ef498e3f788fe08,135,45,102,9,24,34,3,8
214,Lumateperone (tosylate),9c734be38dbe4658eff041bb6f31ecbc0343c3918cb251b074bbc22ff6115320,180,45,152,12,16,38,3,4
215,MK-3903,c4f0b96cc35a5ce9049b4a7e487b83be0b034bfd8b95b5f59575a670d4f04035,127,44,110,11,6,38,4,2
216,MK-8353,f8f8a85f3be2f4d42d803bf084ccaa5c27c846b791a320362c32beb8ab5aebe8,133,47,105,13,15,36,6,5
217,ML264,baa91d4779084c0d07401e1608c63586d1ac06df6841a60c964c479588260f8d,135,47,101,27,7,34,10,3
218,Macitentan,724c96fc87d908ff4b6402c4a6e0f0ea8e28c648ac903795e774fb15a4dd1c13,133,45,97,18,18,33,6,6
219,Malotilate,527bc6baebb500ec9fd11245eb8cdc97b239e841d676f7fbacb160610cf9c5aa,178,45,146,24,8,37,6,2
220,Mebendazole,08bb1e6084fd3733361c3ff540ebd845ac9c8a09a9203f296419328fa2702eab,133,45,115,12,6,39,4,2
221,Medroxyprogesterone acetate,4ff3f96301c6e91c519fcd72b071ee994fb92b1f4afc483bed5151730eb29f12,173,45,126,23,24,33,6,6
222,Megestrol,fe918218d11480e17dc98994d77ca6f1d66fe36db9115205a16b431c6923cd05,180,46,151,13,16,38,4,4
223,Meloxicam,695ba10ff77c2b7d3af6e6f7b5a5ac03efe286f5cd7e4e64a40d4b4027630af0,134,45,110,9,15,37,3,5
224,Menadione,4b7497f12f0d6866190199c3580e5ccf7dddb9ec86cc990dc7c25f1bab5bd97f,131,45,107,18,6,36,7,2
225,Methotrexate,69d160e0cbd3052406be1f26d7f391a910223b825509f009bce1df2b4a6d1670,134,46,107,18,9,37,6,3
226,Methyl aminolevulinate (hydrochloride),ecadd90670b8d3d56ed245f38a43b510b519a289ebaab8abd5686594a24a9b07,135,45,108,9,18,36,3,6
227,Methylprednisolone succinate,f7caa041c81077ec92b2e3eecc1547331131ff932d24fcf94f87b10a11f33a94,130,45,99,19,12,34,7,4
228,Methylthiouracil,c83300b181b6ca74fec8885339bbf38c79503496ca23877fdb0061d699db27cb,137,46,113,6,18,38,2,6
229,Mifepristone,8c4ba62d7385b31f49b6d4c787b4ca39447dac74ac30a1ae2594faa78154872d,134,45,105,18,11,35,6,4
230,Minodronic acid,bec4b60cacbf3022b89b78b8d54e2195b0ef5653049fefde363dd0af58fa9cf0,135,47,120,6,9,42,2,3
231,Mitoxantrone (dihydrochloride),037f27c2c29176738d5dc936a50b9be9f573be33663659204913fb6d08481024,174,45,146,12,16,38,3,4
232,Monocrotaline,e55740a0ef52f3d6a80ade3f328c9b18f870e45bd38fdbe84549db20c09f70e8,131,45,105,14,12,36,5,4
233,Mozavaptan,5529e6b16f66d284f900a4635f14a14382b4bdfd0ed22a10d9da355d8ae41b3c,133,45,97,18,18,33,6,6
234,NG25,19fb8410fbb60f27f36fbcb976f653ab5c9964a425379ac24aa34d36b7c75fef,126,45,92,20,14,33,7,5
235,NVP-BHG712,3aebb06861a6ccc98ad468b2b641de4504add3113e30132240de05484f7c173e,132,45,111,12,9,38,4,3
236,Nafamostat (mesylate),974325b4c0d35403b5fe3486af37d07f5a7f18e3e8559206013dfad2be669d14,134,45,113,6,15,38,2,5
237,Naproxen,3fea49c097ba7a0b0612ff92d0c14d2a30a104da669abbfe3b26787a12fe4814,264,45,210,30,24,36,5,4
238,Neratinib,75acfd4052f6df28e58f1853cf6ae644a4fbadd149d3f712c86149defe1d3db2,135,45,108,6,21,36,2,7
239,Neratinib (maleate),88d94208e99e6d512f3acdf0f47356be6dfb3ea09bd9f8a55018e340205a5fb2,179,46,149,16,14,38,4,4
240,Nevirapine,7eb5c8b41a25a23fc6f52bd979abd5d8eebb742cd8a4f1779c29c3bc2eb14047,134,45,116,15,3,39,5,1
241,Niclosamide (olamine),15df05452650d5046a450724887f7b8cd1e5918422513eaf0558a984bd5f5069,122,46,91,16,15,33,6,7
242,Nimesulide,2bbcf7b8e6dc0ae9319545e96fbcefbbfa0f28a7043cdc239136e1ee20e7cc93,131,45,96,18,17,33,6,6
243,Norepinephrine (hydrochloride),6b3753984b0c59c7b2f38f2f5d3d5dad57d4c1f8fff38d4c9cb46996ed2a1cdf,179,45,139,24,16,35,6,4
244,OTS514,a5175fc43a15c8421b0a6351764e45247a5c07c2c21a3a2e50a9d820109c1e43,119,45,94,14,11,34,6,5
245,Olanzapine,2f5f5abd9aa12875d14cc90da1779ef2d8cd4bf8e9c2311468eb7db5ca52aeba,179,45,148,20,11,37,5,3
246,Oleic acid,b0bfcb0ee28f56a3e5b3596a603d3809bb666d1c0abd49dc76377428a40e9646,135,47,111,18,6,39,6,2
247,Omeprazole,c7a646254e7e20c6f8eaff683da3f334bf033b26b39ea2f7509005f3c3d25647,134,46,95,16,23,32,6,8
248,Omeprazole (sodium),d581fc5252b34696020887e833bed21bdc8a9f0c14e05377f42b5122e58fc55f,135,45,111,18,6,37,6,2
249,Orlistat,f77a765b9be0c2e98a698ae6839513b53303ea7892048e45a9efeccb1a252e1f,131,45,102,14,15,35,5,5
250,Ornidazole,a16e7602dc1265768b13a42106ff5cf9a10af356a6cb1b737f622b064d3efbbf,135,45,114,15,6,38,5,2
251,Osimertinib (mesylate),a187b296295b320c51f99ec7234a90d5506efb35f523d80ac52fb0afe47f0a1e,134,45,101,6,27,34,2,9
252,Ouabain (Octahydrate),c1f315a81cd17e7e428cc2187a8b7e1c2622f94f92c251978ceaed717d9f72ce,135,45,108,3,24,36,1,8
253,Oxaliplatin,52adf48ed758de5496c32e51b7444c4eb987148368421982f2373b6c9b180aa9,135,47,117,9,9,41,3,3
254,Oxaprozin,1a0466a7767dca7123f51c66313cb922c3ee4ff07d3c6a08da0e68f0df15aaca,131,45,108,14,9,37,5,3
255,PF-06260933,1734beafa27f7763ee44e2f795a5a48d8a680d10eda0a395ad08c1ebf5a4d985,129,45,114,9,6,40,3,2
256,PH-797804,d04182cb4832162778aa4ddd9640fc63e8b6295c242979a158ac12be6fbc2908,129,45,105,9,15,37,3,5
257,Paclitaxel,40310b4030d937288e71dc3eaeaa93b3c16772c9b7e6a357e610eb3ced206fbd,136,47,110,9,17,37,3,7
258,Palmatine (chloride),fbf297b8acb77515fa91ff08ef57da22e94c262de3d612fbc731b92f27cbe16e,180,47,139,33,8,36,9,2
259,Panobinostat,c742e24da55b3d908b07dfcf78b15a6b9417efaae551531c1706069ec10189a6,135,45,114,12,9,38,4,3
260,Pasireotide (acetate),bd443d44ca1260c2c8ed41956347d3411e1a440f3e920793f6f8956e52ab41c3,180,45,148,20,12,37,5,3
261,Pemetrexed,6dfff67945d5858e5ea9966f9c93c8aa1fb58588784f81f71c738cfce815b1c5,130,45,113,0,17,39,0,6
262,Pemigatinib,a15baad66cdbc8faa9cb17162f78c043bb5070ab24caf64cc55d904a6a9c17b2,84,43,52,18,14,27,9,7
263,Penfluridol,b86441f903595695f974bec0b687160e788c75d7ac4f1786754cc705f6b5c4ed,134,45,119,9,6,40,3,2
264,Pentagastrin,cb6b80a58d8571ac7ecb487cdb1a7eee9cf7e6d984d863ec9098a976a43b60bd,180,47,144,12,24,38,3,6
265,Pentamidine (isethionate),a30eddc3b1eeacc99e1aedf4e8360333916a859bb4a63a25fd6879c476a6c5e0,222,45,163,29,30,33,6,6
266,Pentoxifylline,134dbe70f5af2c7400d76ff324483e6104b1c9e8f09b4c13a87f8677ad3f412f,134,45,116,15,3,39,5,1
267,Peretinoin,7c96d8501c971e83d8f009942b97b34ecad7ab5833ff9aac25fe1a2cf57d8196,133,45,104,6,23,35,2,8
268,Perindopril (erbumine),9e684a82f360bd39f56b48722024774994c2cf651e353c610c9827a3fd02e1e3,136,46,102,22,12,34,8,4
269,Pexidartinib (hydrochloride),12aac06f67e283447723b5f454858b1e2295ea9ff0914ec51c5cf91b8085798a,135,45,111,9,15,37,3,5
270,Phenylephrine (hydrochloride),d886e27c430503940e97f2fdeac28ec5fb4ba8a570c4c2b0c851d77d1f054c05,135,45,102,18,15,34,6,5
271,Phenytoin (sodium),3cb3e184f22ff1e63fdd63d7d26d978d4519269981d690b395208b1d2f962382,134,45,113,9,12,38,3,4
272,Pimitespib,2ff790d338f6c57531c1274bb9c5ca58b86b5d7941129139396a91307dfad076,122,45,102,14,6,38,5,2
273,Pimozide,45b988128f38d61017bb248efbe60972c6f6cc75747b37b0759662cf419ccb67,129,45,105,12,12,37,4,4
274,Pioglitazone,24d171780c4caa6a362d709c426bf9f483d2be826a1434362c0c7d2c67684f32,135,46,108,15,12,37,5,4
275,Piroxicam,c259852b418affa6f651dea76c59dcd6aca70e36d2ed2d45479b5613272dfe19,136,46,103,9,24,35,3,8
276,Pitavastatin (Calcium),61292b292a3d3bc5851acd1457731100555469222f9aece9397b0aa7cd25eddd,128,45,112,12,4,39,4,2
277,Plicamycin,73f928778f6a7f8c6c1ed3e7505377b3d08634a3682ad6e9b2303a1056c2948e,135,45,111,12,12,37,4,4
278,Ponatinib,e894477016919e452130c0a90b8bb5eda2fc816789bd0a4a160df7d6baad541d,134,46,104,24,6,36,8,2
279,Posaconazole,4027f326b73cbdda70eb3ebe65ff00b52a74921850b1d7bf336650e5f6e35402,134,45,105,9,20,35,3,7
280,Pralsetinib,0248bcc3bc9c02768d934e0005b9d10ca1cee83edf3f0421a3d058d720a735d6,167,46,141,19,7,39,5,2
281,Pravastatin (sodium),82c9d46bbea7aa02f2561bf2b0903cd89c3404d0c7f042548b5373b8136df09a,269,46,198,41,30,33,8,5
282,Procainamide (hydrochloride),bf1923da1e4def7bffc53b40f4a69f8d9909f1676dc1464be81640b0c089b0b8,133,45,96,19,18,32,7,6
283,Proglumide,5a87532812125eb6d1e2b55da37b3b4432b3d7188d09614cd48bb1e1273092c8,135,45,87,27,21,29,9,7
284,Pyridoxine,ea84e8927d1bbb4106b8e52231886925172321538a271251dcd8dbf713ab7ff1,174,45,138,24,12,36,6,3
285,Pyridoxine (hydrochloride),b788347a7a802c111746d83ab742eae1c7fd1224a95478167918f64b176bd98b,180,45,136,20,24,34,5,6
286,Quinestrol,ea1c1c0cc37ee412662474f15772b2af261345e3daf7f54649c35de2c1d0b1de,183,47,163,12,8,42,3,2
287,Quinidine (15% dihydroquinidine),27667f72b95aefc2dcccc4ee0b83b60ac172ce56d43e38c2aae9e1b22e85b81f,135,45,99,24,12,33,8,4
288,RMC-6236,a63e39abe6ec4a189355fc14e59cf130208a58b957cc799eef56c7bd3052a8f0,135,47,126,3,6,44,1,2
289,Radotinib,028234efbda30c1022e4ede135448dc7bd463fe81cea5a7201c6e1fdadf0abba,178,45,142,16,20,36,4,5
290,Ralimetinib dimesylate,8396e0ffbce947b7ebf523b46c6cd6932de43a4809c262999761f81252083551,132,45,108,15,9,37,5,3
291,Raltitrexed,ae19bdafdcb2c037e5228611aaf9c854a897337b797734c27833c0762ce4357a,181,47,136,17,28,35,5,7
292,Ranolazine,4322d7bda28b0889cca28f28e2e3f3909485abe7e58f5325fe0a1311b3778f61,134,45,101,9,24,34,3,8
293,Rapamycin,1020aaeefec46293a93ea83afd50740e1174a83622d51bb90f381affe9078ab9,178,45,130,12,36,33,3,9
294,Regorafenib,0e016c94e67006ee8a3d516a3b1a8da355f601011ca70ccee531b3d7ee80c2e0,267,46,225,30,12,39,5,2
295,Relugolix,8bb2a3108dd47d0f93cf17a3b5e049fd68ef28a344c488516b5ab302ab7c621b,181,46,132,24,25,33,6,7
296,Resveratrol,0cb67d21880fad96ea665143711f948de7c741f877f94b7cef7df2e8627e3a22,177,46,149,4,24,38,1,7
297,Retinoic acid,09aba78fb5c378117a061853c8ce6d7278ace333d80047c5ecb59cba169b8258,179,45,131,20,28,33,5,7
298,Ribociclib,1585632ee09239b5f2ab0dad27bb24ad7340852e85886d3dd525ef0f8a8b57fe,135,45,108,15,12,36,5,4
299,Rifaximin,8a8929d88652f8136e350d5db8edb50ed71cc2a623a217979f1747fc3d3ffa13,134,45,119,6,9,40,2,3
300,Riluzole hydrochloride,2bd66a6d26a53d55172ac6048762f24d01ef4370b590668f820555234a4a3c6c,180,46,136,28,16,35,7,4
301,Rimonabant,bb2f8bf64fb66e49246d9b7c006a31ee025186e0e354fdde11932d4f1ff530b0,179,45,151,20,8,38,5,2
302,Rimonabant (Hydrochloride),5fb671649d8add80d34793a01c81898f4300bc69d164ff1a607d1dd8d580d4a2,135,45,111,9,15,37,3,5
303,Ritonavir,d635a7f1dd2afaab31a37a0ed168a1f85e41c90486818196f3fb50002f7ee0dc,178,45,146,16,16,37,4,4
304,Ropivacaine (hydrochloride monohydrate),d75b1dccb7822dcf97bd15fbe0e683e0b58e1237c660b8733d467139f3eb25db,176,45,143,12,21,36,3,6
305,Rosiglitazone,095c860ef407cda0b38d98c635445f91722c71864ad12305b0decbcf9615b47d,135,45,105,18,12,35,6,4
306,Roxadustat,270e405fd704948b93529fa14bbd6c100769144a4fb294af1a408efc51cd6b7b,130,45,94,18,18,33,6,6
307,Rucaparib (phosphate),689c6bc5b872bf68dd62f236015bfef38d71e9c22394dde826924a3b29cab77f,135,45,111,15,9,37,5,3
308,Rutin (trihydrate),055d49d525423f58f9470c25aed8054251f8664c9d0fb879718f72cbb41ba21a,134,45,111,9,14,37,3,5
309,S-Adenosyl-L-methionine (disulfate tosylate),1af3af46de1be6a55967ada39ec2d0f1433060cb6263dc772ce88313cd9522c7,181,46,133,20,28,34,5,7
310,SBI-0640756,cd2f888fee56894b8cf74418bc974abc9254c6fc366bd02dfd54cad47226d921,84,46,60,14,10,32,8,6
311,Sacubitril/Valsartan,3198827bd2bb24129f8a275c8fd8516db4a3a6b71cea0de84228ef8eee99f9e5,134,45,105,20,9,35,7,3
312,Salicylic acid,c49ea77023789cd845ff4bd6da792cdf93820c75e2e381c39c6f2d42f5e13d2b,178,45,130,20,28,33,5,7
313,Sapanisertib,7a01b5af3b58030bca4e9eada6b97af4fd37f129eaf57c15083e765a89ec2d37,135,46,108,18,9,37,6,3
314,Saquinavir,85fff315d54481fc7f54e362bf2bb3477cd2e9caa9f0c003f2f8fd917bcf2fdb,173,44,149,8,16,38,2,4
315,Selinexor,a04cab0fc6c9293854b97fe30120dee8b73f96ef668ffeb0e3b2f0371793c943,152,46,125,21,6,38,6,2
316,Sildenafil,0035a86ce20900a1d417b4ca9d70394875a39b44bf9edb09ae288c76189841b8,135,45,105,12,18,35,4,6
317,Silodosin,01e170fae69ffbfc2762d2c36e8b4fd00203b263ffd84f43b5daa6a4511aa7e2,131,45,99,14,18,34,5,6
318,Simotinib,359e4f29b58068a015677e0697cef24f11b7d89425599f28066f41875accd70c,125,45,87,20,18,31,8,6
319,Sinomenine,3be450eb70850f542324071e5ab00048be83a6fcb26e5915d43f74e3a533e27c,178,45,144,22,12,36,6,3
320,Sivelestat (sodium tetrahydrate),b87623c42c550f8abd7466802a3d7b9ef57dcd45d9167dd7cafef4808a1e6dff,135,45,120,12,3,40,4,1
321,Sodium Salicylate,8077bffb55e45e56721c2e52585dfe363982a0d4c487e127dfcab41f1ab16d37,179,46,139,16,24,36,4,6
322,Sonidegib,0ad083e485bf7bda922d9148aae0801e19f579dd90e4485ba6fb72e48cbdefe0,120,45,85,14,21,32,5,8
323,Sulfatinib,f7bb1d34663801f2e25bb5c27d164c55af6954aca1a08d1d80ad66e3f6a8e957,133,45,91,15,27,31,5,9
324,Sulfisoxazole,c9f9fc28084878a5ecd523cd4274db35a3c6dedafecce816ee5905c2ab71e31b,222,45,188,24,10,38,5,2
325,Sunitinib,05d7ac0ea4551096d07b53bd15e98260f2fefd92b564e2b87323479b576cd818,131,44,99,20,12,33,7,4
326,TAK-733,232dafe8316a5b47af38df17db07c28cf4980cf40e4584e57c76509b4f8d1959,132,45,114,6,12,39,2,4
327,TAK-901,cc087eca5bff86094b7693da7738dec2c8fc3083d840bcfbfbed84b748c02961,126,44,100,6,20,35,2,7
328,Tadalafil,a53263ce2e0d6ce5e2b6deb6965e680ea9d36b585ea08f67e44f567a2af7cfc5,133,45,94,24,15,32,8,5
329,Talc,efdc752825f524a1eae15ecd7c2ab155c5359c6340fada4d0efe21f329753e5b,133,45,84,25,24,28,9,8
330,Tazarotene,f31698cf4dd0c7ead7b8bcd8404436b3a74a7a4078ef0e4ed96bc14cc57f6585,134,45,98,27,9,33,9,3
331,Temsirolimus,fa7c6b4a91618e1cd3f38271ebbcafe0815d5842bfe11023d9eb9e62ee94b560,177,45,142,20,15,36,5,4
332,Temuterkib,1498b6e2e864d753a53acba080db32795cbdc316ffd81b73e684d3e55f4de29e,134,45,101,15,18,34,5,6
333,Terfenadine,158bcd47eb57f4d8d730b70c9b1d8bbc0a327a5d4d12efa830f47f29355cf1c3,222,45,178,14,30,36,3,6
334,Tetracycline (hydrochloride),2bf246f64023e796214acee663f3d77b453c1f2b665898a55370b752bacfed62,135,45,114,9,12,38,3,4
335,Thymol,ee466755b8c0ef14814cdbb34314a7ab7821567a0e2ebe11bde250c19af8aa32,171,45,153,12,6,40,3,2
336,Thymopentin,0a83a94a9ca289ebdf6816898fe75e31950efda41b06258a3b029cbed85e9f08,134,45,107,18,9,36,6,3
337,Tirabrutinib,c012dde0c8154a140e206e5607f3c1ecd8efb876a4a91af95af94b644d4e3763,135,45,111,12,12,37,4,4
338,Tirabrutinib (hydrochloride),eb36760aacbd0f8906245dbf49a6f99cd1a6e1ce1f7ab3def070615ff453ac2e,135,45,120,12,3,40,4,1
339,Tofacitinib,6105e895760bd4fbe714a539928a42e8dafaa35e92f47fba64b97673c2489e0e,178,45,142,24,12,36,6,3
340,Tofacitinib (citrate),cc5dac8e1a612daa9f2fbe078c7d80bba8e2ad5f439344332498572c69001388,178,45,140,22,16,35,6,4
341,Tolcapone,25845aa98981625ac5831a284c19640358d3d0e5640d0200ca1f18e745b48856,179,45,163,8,8,41,2,2
342,Tolmetin,cf39b740e95eff5a22bc3d9fdab51776525ecf773b66071908d0349b44e36c2c,135,45,108,18,9,36,6,3
343,Tomivosertib,0cdbe48d11fe00e5c5991e3fd4a6f76e5b5972a50c962406f8e8e71e3897fe5a,134,46,108,17,9,37,6,3
344,Topotecan (hydrochloride),b38968d1ebdb88c9a0380f8644221bcd9de309fa185f7b998016e03577636967,252,45,207,29,16,37,5,3
345,Torkinib,5771422fa88310b7e2bf486125cba76e01efe302a4ff45b18e0184aa06a3874f,118,46,97,7,14,38,3,5
346,Trametinib,9324d9cee3b552dd89f367a7e610bb2b50393eb0113acc88e62080fa3cb49ff6,266,47,215,33,18,38,6,3
347,Trametinib (DMSO_TF solvate),465d6b431140ec24ee98705d8ce33d77b9232582f5edf9ebc0af8fb51bbe2e0d,134,45,104,9,21,35,3,7
348,Tranilast,3a8aeb7e791c2940287263370541613dcd14a14630bffef97ec1b0c47f3adfc1,135,45,102,15,18,34,5,6
349,Triamcinolone,78b815d2bb4ebf39728367e29cfbed63897d6f96da4c0d37b72845840a9b5a70,177,45,153,16,8,39,4,2
350,Triclosan,9723e44793b3e6ba8b4f0c63b07a7c2fc54f59af1019df8aed7f1f6f80757fd4,179,45,147,8,24,37,2,6
351,Trifluridine,735d51848dc02bb120fdf20afb1a58c86665249e172d1b16f71bfcb7e0bd165c,177,45,145,20,12,37,5,3
352,Trimetrexate,ccbcfbd5a3901337867abfdd6f73deeadec653a8843b4d6a01b7e9d629a4baf0,178,45,158,12,8,40,3,2
353,Tubulin inhibitor 6,02c65c2f802d9363209ebb881225040d04081799cd1b22a9e10796b5fb09da06,132,47,109,11,12,39,4,4
354,Tucatinib,a4e4f80fe4c3bea732031d1be09e9a5fae95b108bea69e59c8685686ed64c6e4,137,47,104,18,15,36,6,5
355,Tucidinostat,6f6e4bd33fbc3387b467474b8a22ec9410746a6a66a31767658cef20c9cae849,178,45,166,8,4,42,2,1
356,ULK-101,377ac6c7ee74c7546020840cacc24d12735555e38412e6aee6bc917c36c360d1,122,45,89,22,11,33,8,4
357,Uridine,6170918a4e37a6b0c779b76b7cafaf1b0a7f499af0af09e54dd38b80a2b37f06,137,47,101,24,12,35,8,4
358,Valdecoxib,61447277ea480f8358eac8992fb104525973ccbc60f6aa0583bc855a0b3a5043,131,45,104,6,21,36,2,7
359,Vandetanib,e1a55f11b6978ac6fea691ba8ef48379ef14dfc376695a30932b24323890d562,132,45,114,3,15,39,1,5
360,Vemurafenib,3f61952e173a5e0161f1d7f87460a0efd4e2c3fafd6810107ba9bd371a36984e,137,47,94,7,36,32,3,12
361,Verapamil,28d899f022ad328d29b63f5b1de3a1c6c503fdcb7d429cc9b52e5c57cc777f29,135,45,99,24,12,33,8,4
362,Verteporfin,1b249f84dfdc90fb4eb255b202b8ec668f8b44e49fae0446c26295ed61f9b08a,133,45,109,9,15,37,3,5
363,Vilanterol,919edcb957f41fd88e93f999ca70a4ebc56e9349c9daab1723caaf223126b797,177,45,129,8,40,33,2,10
364,Vinblastine (sulfate),7c60dfd44fd1d77d4697bf7266d5528133d1ea6d93f794e2d9001e37f7826c27,176,45,132,32,12,34,8,3
365,Vismodegib,ebd515a0d458c1a49166b0a7bc265e0e90a6c84a925a9d79343807524711f5d9,134,45,107,12,15,36,4,5
366,Vitamin K4,16a70c2b5d5e043947439275fa59769da334cc11a5ea6ba1f06c55cb5b7a7dcb,134,45,116,15,3,39,5,1
367,Volasertib,40e11de9163d0f5374ee9729487ade16e55bf702785557dc2bd64ccedbe26958,131,47,115,10,6,41,4,2
368,Voriconazole,32d8c3c8b366cacaee4d91f95ccda23a666240689a39b58877aa2aad55d8563d,135,45,105,9,21,35,3,7
369,Vortioxetine,7969f23283ed30dfc7c9931c0c13ef5aa48bb522ece6dc77a71b8c877e7a15a9,134,45,104,18,12,35,6,4
370,XRK3F2,510a811b73cc0ad0517390d65816be8158e437a9a38a20c24ba81a8cc6e39084,123,44,107,8,8,38,3,3
371,Zileuton,28121db446daccffd219681ba79bf537352b2a392202dbc30bb3464aa235c0da,135,45,123,12,0,41,4,0
372,c-Kit-IN-1,af498ab288b61cc9940d9d0b0df411ea0b971b6eee5417c45d8302dab5927a09,132,47,102,15,15,36,5,6
373,crizotinib,1ebd8d1b629c1ab5da2d8e77f360247719d382ecf6d6432a9ca29ee46b5da7b0,134,45,110,6,18,37,2,6
374,olaparib,f2ef71c7cb5e6cccfc56bc7208c0894becad82bde66746425c4b4d97688aeba1,134,47,106,7,21,37,3,7
375,palbociclib,84d575b8d6a40b1c242ecb2aff3da4b190c427adf147513a995067a3c16b459d,134,47,108,11,15,38,4,5
376,venetoclax,7cc37fad2e3758ba1a6721b7ecd5e972099c57a587877c4bc4bfcf6348b1c146,125,47,97,10,18,37,4,6
377,vincristine,3ea162e6b50f08246800927ba103260494e2650b05de2c5d92f84f2f8007f9bc,120,44,93,15,12,35,5,4
378,γ-Oryzanol,5b0c9c2e8993b7787661ca32bab83f49d9cb64b97678f4e005ea5795447d30dc,134,45,120,3,11,40,1,4
